"","HOUR","WORKDAY","MONTHWEEK","WEEKDAY","MONTHDAY","MONTH","YEAR","BEFVAC","AFTVAC","BEFCHR","AFTCHR","WHSLINES","LINES_PRED","PRED_DIF"
"3",9,16,3,5,22,6,2017,0,0,0,0,468,529.543518066406,61.5435180664062
"6",12,16,3,5,22,6,2017,0,0,0,0,875,705.246276855469,169.753723144531
"8",14,16,3,5,22,6,2017,0,0,0,0,642,733.464233398438,91.4642333984375
"13",9,17,3,6,23,6,2017,0,0,0,0,235,484.391662597656,249.391662597656
"17",13,17,3,6,23,6,2017,0,0,0,0,554,596.257629394531,42.2576293945312
"23",9,18,4,2,26,6,2017,0,0,0,0,598,537.852783203125,60.147216796875
"25",11,18,4,2,26,6,2017,0,0,0,0,876,834.009887695312,41.9901123046875
"29",15,18,4,2,26,6,2017,0,0,0,0,1015,1036.91943359375,21.91943359375
"30",16,18,4,2,26,6,2017,0,0,0,0,855,854.612976074219,0.38702392578125
"31",7,19,4,3,27,6,2017,0,0,0,0,102,93.5776901245117,8.42230987548828
"36",12,19,4,3,27,6,2017,0,0,0,0,970,984.774658203125,14.774658203125
"46",12,20,4,4,28,6,2017,0,0,0,0,1101,851.977172851562,249.022827148438
"49",15,20,4,4,28,6,2017,0,0,0,0,959,886.199584960938,72.8004150390625
"51",7,21,4,5,29,6,2017,0,0,0,0,45,105.822937011719,60.8229370117188
"59",15,21,4,5,29,6,2017,0,0,0,0,833,752.386352539062,80.6136474609375
"68",14,22,4,6,30,6,2017,0,0,0,0,551,557.327880859375,6.327880859375
"80",16,1,1,2,3,7,2017,1,0,0,0,453,565.970275878906,112.970275878906
"81",7,2,1,4,5,7,2017,0,1,0,0,91,91.8483047485352,0.848304748535156
"82",8,2,1,4,5,7,2017,0,1,0,0,303,242.309921264648,60.6900787353516
"85",11,2,1,4,5,7,2017,0,1,0,0,1050,1025.17004394531,24.8299560546875
"93",9,3,1,5,6,7,2017,0,0,0,0,447,436.478424072266,10.5215759277344
"95",11,3,1,5,6,7,2017,0,0,0,0,643,753.133972167969,110.133972167969
"97",13,3,1,5,6,7,2017,0,0,0,0,852,829.98974609375,22.01025390625
"99",15,3,1,5,6,7,2017,0,0,0,0,973,869.62353515625,103.37646484375
"104",10,4,1,6,7,7,2017,0,0,0,0,465,568.555969238281,103.555969238281
"110",16,4,1,6,7,7,2017,0,0,0,0,645,620.302001953125,24.697998046875
"113",9,5,2,2,10,7,2017,0,0,0,0,648,602.642578125,45.357421875
"116",12,5,2,2,10,7,2017,0,0,0,0,1198,1158.58447265625,39.41552734375
"127",13,6,2,3,11,7,2017,0,0,0,0,850,996.773010253906,146.773010253906
"128",14,6,2,3,11,7,2017,0,0,0,0,1030,1020.00543212891,9.99456787109375
"137",13,7,2,4,12,7,2017,0,0,0,0,835,935.366271972656,100.366271972656
"139",15,7,2,4,12,7,2017,0,0,0,0,1017,989.255432128906,27.7445678710938
"144",10,8,2,5,13,7,2017,0,0,0,0,532,522.433471679688,9.5665283203125
"148",14,8,2,5,13,7,2017,0,0,0,0,801,781.400756835938,19.5992431640625
"152",8,9,2,6,14,7,2017,0,0,0,0,194,172.694534301758,21.3054656982422
"155",11,9,2,6,14,7,2017,0,0,0,0,542,564.612731933594,22.6127319335938
"156",12,9,2,6,14,7,2017,0,0,0,0,654,641.275817871094,12.7241821289062
"157",13,9,2,6,14,7,2017,0,0,0,0,621,610.586120605469,10.4138793945312
"159",15,9,2,6,14,7,2017,0,0,0,0,551,625.841369628906,74.8413696289062
"168",14,10,3,2,17,7,2017,0,0,0,0,1053,1013.65893554688,39.341064453125
"169",15,10,3,2,17,7,2017,0,0,0,0,1048,1058.8701171875,10.8701171875
"171",7,11,3,3,18,7,2017,0,0,0,0,43,74.0459518432617,31.0459518432617
"176",12,11,3,3,18,7,2017,0,0,0,0,988,1029.04956054688,41.049560546875
"188",14,12,3,4,19,7,2017,0,0,0,0,899,875.026489257812,23.9735107421875
"189",15,12,3,4,19,7,2017,0,0,0,0,1070,915.773559570312,154.226440429688
"192",8,13,3,5,20,7,2017,0,0,0,0,186,219.013748168945,33.0137481689453
"193",9,13,3,5,20,7,2017,0,0,0,0,391,360.203430175781,30.7965698242188
"196",12,13,3,5,20,7,2017,0,0,0,0,788,706.258239746094,81.7417602539062
"200",16,13,3,5,20,7,2017,0,0,0,0,746,712.584106445312,33.4158935546875
"201",7,14,3,6,21,7,2017,0,0,0,0,59,81.6408615112305,22.6408615112305
"205",11,14,3,6,21,7,2017,0,0,0,0,610,541.921997070312,68.0780029296875
"212",8,15,4,2,24,7,2017,0,0,0,0,376,250.256256103516,125.743743896484
"214",10,15,4,2,24,7,2017,0,0,0,0,500,696.598083496094,196.598083496094
"216",12,15,4,2,24,7,2017,0,0,0,0,921,996.913330078125,75.913330078125
"217",13,15,4,2,24,7,2017,0,0,0,0,1094,958.40869140625,135.59130859375
"223",9,17,4,4,26,7,2017,0,0,0,0,516,466.290496826172,49.7095031738281
"225",11,17,4,4,26,7,2017,0,0,0,0,823,733.307983398438,89.6920166015625
"234",10,18,4,5,27,7,2017,0,0,0,0,465,502.034301757812,37.0343017578125
"237",13,18,4,5,27,7,2017,0,0,0,0,604,704.115905761719,100.115905761719
"238",14,18,4,5,27,7,2017,0,0,0,0,762,754.035522460938,7.9644775390625
"242",8,19,4,6,28,7,2017,0,0,0,0,188,192.991165161133,4.99116516113281
"245",11,19,4,6,28,7,2017,0,0,0,0,504,576.633911132812,72.6339111328125
"246",12,19,4,6,28,7,2017,0,0,0,0,634,642.292846679688,8.2928466796875
"250",16,19,4,6,28,7,2017,0,0,0,0,419,440.085235595703,21.0852355957031
"251",7,20,4,2,31,7,2017,0,0,0,0,152,108.330741882324,43.6692581176758
"253",9,20,4,2,31,7,2017,0,0,0,0,487,484.0693359375,2.9306640625
"255",11,20,4,2,31,7,2017,0,0,0,0,633,806.137573242188,173.137573242188
"257",13,20,4,2,31,7,2017,0,0,0,0,883,1024.46948242188,141.469482421875
"259",15,20,4,2,31,7,2017,0,0,0,0,1047,1093.3427734375,46.3427734375
"267",13,1,1,3,1,8,2017,0,0,0,0,1091,1340.38842773438,249.388427734375
"268",14,1,1,3,1,8,2017,0,0,0,0,1128,1192.01684570312,64.016845703125
"272",8,2,1,4,2,8,2017,0,0,0,0,306,282.449981689453,23.5500183105469
"276",12,2,1,4,2,8,2017,0,0,0,0,968,1029.42810058594,61.4281005859375
"280",16,2,1,4,2,8,2017,0,0,0,0,959,1010.54748535156,51.5474853515625
"281",7,3,1,5,3,8,2017,0,0,0,0,87,72.7835159301758,14.2164840698242
"283",9,3,1,5,3,8,2017,0,0,0,0,608,411.936798095703,196.063201904297
"289",15,3,1,5,3,8,2017,0,0,0,0,1069,846.887939453125,222.112060546875
"291",7,4,1,6,4,8,2017,0,0,0,0,51,73.7199478149414,22.7199478149414
"295",11,4,1,6,4,8,2017,0,0,0,0,478,666.159729003906,188.159729003906
"297",13,4,1,6,4,8,2017,0,0,0,0,558,681.710571289062,123.710571289062
"298",14,4,1,6,4,8,2017,0,0,0,0,671,695.600952148438,24.6009521484375
"299",15,4,1,6,4,8,2017,0,0,0,0,643,678.034484863281,35.0344848632812
"300",16,4,1,6,4,8,2017,0,0,0,0,1189,634.146606445312,554.853393554688
"306",12,5,2,2,7,8,2017,0,0,0,0,1042,1059.76245117188,17.762451171875
"309",15,5,2,2,7,8,2017,0,0,0,0,1077,1096.50634765625,19.50634765625
"328",14,7,2,4,9,8,2017,0,0,0,0,834,940.590881347656,106.590881347656
"333",9,8,2,5,10,8,2017,0,0,0,0,450,394.398986816406,55.6010131835938
"337",13,8,2,5,10,8,2017,0,0,0,0,835,746.178283691406,88.8217163085938
"343",9,9,2,6,11,8,2017,0,0,0,0,364,378.698913574219,14.6989135742188
"344",10,9,2,6,11,8,2017,0,0,0,0,484,476.333740234375,7.666259765625
"355",11,10,3,2,14,8,2017,0,0,0,0,822,859.600708007812,37.6007080078125
"365",11,11,3,3,15,8,2017,0,0,0,0,895,838.691284179688,56.3087158203125
"369",15,11,3,3,15,8,2017,0,0,0,0,1110,1038.16333007812,71.836669921875
"371",7,12,3,4,16,8,2017,0,0,0,0,86,85.8877639770508,0.112236022949219
"377",13,12,3,4,16,8,2017,0,0,0,0,1191,865.462280273438,325.537719726562
"379",15,12,3,4,16,8,2017,0,0,0,0,1030,921.219116210938,108.780883789062
"383",9,13,3,5,17,8,2017,0,0,0,0,437,366.304504394531,70.6954956054688
"384",10,13,3,5,17,8,2017,0,0,0,0,553,536.927490234375,16.072509765625
"389",15,13,3,5,17,8,2017,0,0,0,0,654,814.629028320312,160.629028320312
"402",8,15,4,2,21,8,2017,0,0,0,0,345,250.256256103516,94.7437438964844
"405",11,15,4,2,21,8,2017,0,0,0,0,692,848.463012695312,156.463012695312
"409",15,15,4,2,21,8,2017,0,0,0,0,855,1033.96276855469,178.962768554688
"414",10,16,4,3,22,8,2017,0,0,0,0,672,689.434997558594,17.4349975585938
"418",14,16,4,3,22,8,2017,0,0,0,0,1307,974.59765625,332.40234375
"422",8,17,4,4,23,8,2017,0,0,0,0,202,242.002471923828,40.0024719238281
"425",11,17,4,4,23,8,2017,0,0,0,0,790,763.759643554688,26.2403564453125
"428",14,17,4,4,23,8,2017,0,0,0,0,937,873.902221679688,63.0977783203125
"431",7,18,4,5,24,8,2017,0,0,0,0,167,78.7751083374023,88.2248916625977
"433",9,18,4,5,24,8,2017,0,0,0,0,417,405.834533691406,11.1654663085938
"438",14,18,4,5,24,8,2017,0,0,0,0,740,793.057983398438,53.0579833984375
"444",10,19,4,6,25,8,2017,0,0,0,0,396,518.008544921875,122.008544921875
"453",9,20,5,2,28,8,2017,0,0,0,0,599,568.918395996094,30.0816040039062
"454",10,20,5,2,28,8,2017,0,0,0,0,705,718.820983886719,13.8209838867188
"469",15,21,5,3,29,8,2017,0,0,0,0,963,1047.46508789062,84.465087890625
"475",11,22,5,4,30,8,2017,0,0,0,0,890,762.350952148438,127.649047851562
"477",13,22,5,4,30,8,2017,0,0,0,0,1092,861.883178710938,230.116821289062
"485",11,23,5,5,31,8,2017,0,0,0,0,701,748.109741210938,47.1097412109375
"487",13,23,5,5,31,8,2017,0,0,0,0,839,897.727966308594,58.7279663085938
"489",15,23,5,5,31,8,2017,0,0,0,0,845,839.134643554688,5.8653564453125
"491",7,1,1,6,1,9,2017,1,0,0,0,62,112.560791015625,50.560791015625
"499",15,1,1,6,1,9,2017,1,0,0,0,1010,830.530700683594,179.469299316406
"505",11,2,1,3,5,9,2017,0,1,0,0,946,1110.20861816406,164.208618164062
"506",12,2,1,3,5,9,2017,0,1,0,0,1020,1337.53820800781,317.538208007812
"516",12,3,1,4,6,9,2017,0,0,0,0,1142,993.300842285156,148.699157714844
"521",7,4,1,5,7,9,2017,0,0,0,0,97,81.1547927856445,15.8452072143555
"523",9,4,1,5,7,9,2017,0,0,0,0,552,402.132751464844,149.867248535156
"526",12,4,1,5,7,9,2017,0,0,0,0,725,826.181884765625,101.181884765625
"528",14,4,1,5,7,9,2017,0,0,0,0,924,845.362487792969,78.6375122070312
"530",16,4,1,5,7,9,2017,0,0,0,0,862,862.534118652344,0.53411865234375
"531",7,5,1,6,8,9,2017,0,0,0,0,58,82.4646072387695,24.4646072387695
"533",9,5,1,6,8,9,2017,0,0,0,0,470,409.155456542969,60.8445434570312
"540",16,5,1,6,8,9,2017,0,0,0,0,791,609.636291503906,181.363708496094
"541",7,6,2,2,11,9,2017,0,0,0,0,141,118.53010559082,22.4698944091797
"542",8,6,2,2,11,9,2017,0,0,0,0,359,293.270935058594,65.7290649414062
"549",15,6,2,2,11,9,2017,0,0,0,0,857,1116.27380371094,259.273803710938
"551",7,7,2,3,12,9,2017,0,0,0,0,104,78.6804122924805,25.3195877075195
"562",8,8,2,4,13,9,2017,0,0,0,0,232,271.432861328125,39.432861328125
"568",14,8,2,4,13,9,2017,0,0,0,0,848,881.110473632812,33.1104736328125
"576",12,9,2,5,14,9,2017,0,0,0,0,722,742.486267089844,20.4862670898438
"578",14,9,2,5,14,9,2017,0,0,0,0,759,792.745666503906,33.7456665039062
"580",16,9,2,5,14,9,2017,0,0,0,0,820,792.556457519531,27.4435424804688
"586",12,10,2,6,15,9,2017,0,0,0,0,581,690.521179199219,109.521179199219
"592",8,11,3,2,18,9,2017,0,0,0,0,275,237.580474853516,37.4195251464844
"601",7,12,3,3,19,9,2017,0,0,0,0,42,73.6904220581055,31.6904220581055
"615",11,13,3,4,20,9,2017,0,0,0,0,639,741.566040039062,102.566040039062
"619",15,13,3,4,20,9,2017,0,0,0,0,809,913.080688476562,104.080688476562
"623",9,14,3,5,21,9,2017,0,0,0,0,344,362.608825683594,18.6088256835938
"628",14,14,3,5,21,9,2017,0,0,0,0,881,778.028686523438,102.971313476562
"632",8,15,3,6,22,9,2017,0,0,0,0,161,173.440994262695,12.4409942626953
"634",10,15,3,6,22,9,2017,0,0,0,0,430,533.936279296875,103.936279296875
"637",13,15,3,6,22,9,2017,0,0,0,0,517,679.023376464844,162.023376464844
"638",14,15,3,6,22,9,2017,0,0,0,0,637,726.158203125,89.158203125
"640",16,15,3,6,22,9,2017,0,0,0,0,458,657.799377441406,199.799377441406
"641",7,16,4,2,25,9,2017,0,0,0,0,90,88.9394149780273,1.06058502197266
"645",11,16,4,2,25,9,2017,0,0,0,0,757,840.432006835938,83.4320068359375
"646",12,16,4,2,25,9,2017,0,0,0,0,755,1053.85180664062,298.851806640625
"647",13,16,4,2,25,9,2017,0,0,0,0,1121,962.631103515625,158.368896484375
"650",16,16,4,2,25,9,2017,0,0,0,0,1074,859.411560058594,214.588439941406
"652",8,17,4,3,26,9,2017,0,0,0,0,243,234.842742919922,8.15725708007812
"661",7,18,4,4,27,9,2017,0,0,0,0,78,83.0220108032227,5.02201080322266
"665",11,18,4,4,27,9,2017,0,0,0,0,861,759.561645507812,101.438354492188
"670",16,18,4,4,27,9,2017,0,0,0,0,881,811.4091796875,69.5908203125
"671",7,19,4,5,28,9,2017,0,0,0,0,56,80.0220489501953,24.0220489501953
"675",11,19,4,5,28,9,2017,0,0,0,0,705,637.525024414062,67.4749755859375
"679",15,19,4,5,28,9,2017,0,0,0,0,836,802.841918945312,33.1580810546875
"684",10,20,4,6,29,9,2017,0,0,0,0,592,520.295532226562,71.7044677734375
"692",8,1,1,2,2,10,2017,0,0,0,0,404,260.832275390625,143.167724609375
"701",7,2,1,3,3,10,2017,0,0,0,0,57,106.312042236328,49.3120422363281
"702",8,2,1,3,3,10,2017,0,0,0,0,249,256.396697998047,7.39669799804688
"706",12,2,1,3,3,10,2017,0,0,0,0,1613,1113.35021972656,499.649780273438
"708",14,2,1,3,3,10,2017,0,0,0,0,1118,1077.49401855469,40.5059814453125
"711",7,3,1,4,4,10,2017,0,0,0,0,114,107.438652038574,6.56134796142578
"713",9,3,1,4,4,10,2017,0,0,0,0,549,516.41650390625,32.58349609375
"717",13,3,1,4,4,10,2017,0,0,0,0,876,902.283996582031,26.2839965820312
"718",14,3,1,4,4,10,2017,0,0,0,0,1220,911.668762207031,308.331237792969
"721",7,4,1,5,5,10,2017,0,0,0,0,68,78.7208633422852,10.7208633422852
"723",9,4,1,5,5,10,2017,0,0,0,0,464,410.793029785156,53.2069702148438
"729",15,4,1,5,5,10,2017,0,0,0,0,922,828.406921386719,93.5930786132812
"731",7,5,1,6,6,10,2017,0,0,0,0,109,85.0972061157227,23.9027938842773
"744",10,6,2,2,9,10,2017,0,0,0,0,743,781.340759277344,38.3407592773438
"745",11,6,2,2,9,10,2017,0,0,0,0,711,871.02783203125,160.02783203125
"751",7,7,2,3,10,10,2017,0,0,0,0,88,78.6804122924805,9.31958770751953
"753",9,7,2,3,10,10,2017,0,0,0,0,636,569.770935058594,66.2290649414062
"754",10,7,2,3,10,10,2017,0,0,0,0,703,745.627868652344,42.6278686523438
"758",14,7,2,3,10,10,2017,0,0,0,0,1064,1017.55670166016,46.4432983398438
"760",16,7,2,3,10,10,2017,0,0,0,0,961,1064.79052734375,103.79052734375
"763",9,8,2,4,11,10,2017,0,0,0,0,561,502.773651123047,58.2263488769531
"767",13,8,2,4,11,10,2017,0,0,0,0,796,865.154663085938,69.1546630859375
"770",16,8,2,4,11,10,2017,0,0,0,0,845,874.2021484375,29.2021484375
"784",10,10,2,6,13,10,2017,0,0,0,0,420,505.609252929688,85.6092529296875
"787",13,10,2,6,13,10,2017,0,0,0,0,483,609.715576171875,126.715576171875
"790",16,10,2,6,13,10,2017,0,0,0,0,647,554.289855957031,92.7101440429688
"795",11,11,3,2,16,10,2017,0,0,0,0,962,858.427612304688,103.572387695312
"797",13,11,3,2,16,10,2017,0,0,0,0,875,971.7265625,96.7265625
"806",12,12,3,3,17,10,2017,0,0,0,0,950,1016.68383789062,66.683837890625
"813",9,13,3,4,18,10,2017,0,0,0,0,521,463.152679443359,57.8473205566406
"817",13,13,3,4,18,10,2017,0,0,0,0,727,861.476684570312,134.476684570312
"819",15,13,3,4,18,10,2017,0,0,0,0,877,910.979858398438,33.9798583984375
"826",12,14,3,5,19,10,2017,0,0,0,0,941,704.806823730469,236.193176269531
"829",15,14,3,5,19,10,2017,0,0,0,0,786,765.847290039062,20.1527099609375
"833",9,15,3,6,20,10,2017,0,0,0,0,348,355.844299316406,7.84429931640625
"837",13,15,3,6,20,10,2017,0,0,0,0,635,564.199523925781,70.8004760742188
"838",14,15,3,6,20,10,2017,0,0,0,0,550,554.306945800781,4.30694580078125
"846",12,16,4,2,23,10,2017,0,0,0,0,1112,1060.2421875,51.7578125
"850",16,16,4,2,23,10,2017,0,0,0,0,788,841.744323730469,53.7443237304688
"852",8,17,4,3,24,10,2017,0,0,0,0,256,234.842742919922,21.1572570800781
"854",10,17,4,3,24,10,2017,0,0,0,0,755,732.955505371094,22.0444946289062
"858",14,17,4,3,24,10,2017,0,0,0,0,900,975.463134765625,75.463134765625
"860",16,17,4,3,24,10,2017,0,0,0,0,992,854.749694824219,137.250305175781
"866",12,18,4,4,25,10,2017,0,0,0,0,919,852.019897460938,66.9801025390625
"868",14,18,4,4,25,10,2017,0,0,0,0,868,866.542602539062,1.4573974609375
"870",16,18,4,4,25,10,2017,0,0,0,0,699,805.5986328125,106.5986328125
"871",7,19,4,5,26,10,2017,0,0,0,0,102,81.8485336303711,20.1514663696289
"873",9,19,4,5,26,10,2017,0,0,0,0,441,391.626159667969,49.3738403320312
"876",12,19,4,5,26,10,2017,0,0,0,0,754,713.705749511719,40.2942504882812
"879",15,19,4,5,26,10,2017,0,0,0,0,625,768.676879882812,143.676879882812
"885",11,20,4,6,27,10,2017,0,0,0,0,665,554.980773925781,110.019226074219
"886",12,20,4,6,27,10,2017,0,0,0,0,567,600.383666992188,33.3836669921875
"891",7,21,5,2,30,10,2017,0,0,0,0,70,99.8341903686523,29.8341903686523
"897",13,21,5,2,30,10,2017,0,0,0,0,995,977.39306640625,17.60693359375
"898",14,21,5,2,30,10,2017,0,0,0,0,992,1000.96728515625,8.96728515625
"899",15,21,5,2,30,10,2017,0,0,0,0,1093,1027.95300292969,65.0469970703125
"901",7,22,5,3,31,10,2017,0,0,0,0,81,102.245887756348,21.2458877563477
"902",8,22,5,3,31,10,2017,0,0,0,0,257,239.138397216797,17.8616027832031
"904",10,22,5,3,31,10,2017,0,0,0,0,576,684.515563964844,108.515563964844
"906",12,22,5,3,31,10,2017,0,0,0,0,941,991.715576171875,50.715576171875
"907",13,22,5,3,31,10,2017,0,0,0,0,988,1007.31372070312,19.313720703125
"909",15,22,5,3,31,10,2017,0,0,0,0,1060,1098.30126953125,38.30126953125
"916",12,1,1,4,1,11,2017,0,0,0,0,994,1319.7509765625,325.7509765625
"918",14,1,1,4,1,11,2017,0,0,0,0,1484,1236.94580078125,247.05419921875
"926",12,2,1,5,2,11,2017,0,0,0,0,795,897.826232910156,102.826232910156
"927",13,2,1,5,2,11,2017,0,0,0,0,946,877.755432128906,68.2445678710938
"938",14,3,1,6,3,11,2017,0,0,0,0,732,721.644165039062,10.3558349609375
"946",12,4,2,2,6,11,2017,0,0,0,0,1339,1136.00183105469,202.998168945312
"951",7,5,2,3,7,11,2017,0,0,0,0,66,76.4514999389648,10.4514999389648
"952",8,5,2,3,7,11,2017,0,0,0,0,245,283.446166992188,38.4461669921875
"955",11,5,2,3,7,11,2017,0,0,0,0,1163,875.671691894531,287.328308105469
"957",13,5,2,3,7,11,2017,0,0,0,0,945,994.186340332031,49.1863403320312
"961",7,6,2,4,8,11,2017,0,0,0,0,108,88.5601119995117,19.4398880004883
"962",8,6,2,4,8,11,2017,0,0,0,0,259,287.558715820312,28.5587158203125
"966",12,6,2,4,8,11,2017,0,0,0,0,1158,933.497375488281,224.502624511719
"969",15,6,2,4,8,11,2017,0,0,0,0,860,956.339172363281,96.3391723632812
"973",9,7,2,5,9,11,2017,0,0,0,0,443,407.651550292969,35.3484497070312
"980",16,7,2,5,9,11,2017,0,0,0,0,788,804.442749023438,16.4427490234375
"983",9,8,2,6,10,11,2017,0,0,0,0,313,402.566101074219,89.5661010742188
"985",11,8,2,6,10,11,2017,0,0,0,0,539,635.967468261719,96.9674682617188
"986",12,8,2,6,10,11,2017,0,0,0,0,633,675.978332519531,42.9783325195312
"987",13,8,2,6,10,11,2017,0,0,0,0,533,636.0205078125,103.0205078125
"991",7,9,3,2,13,11,2017,0,0,0,0,104,67.7120742797852,36.2879257202148
"992",8,9,3,2,13,11,2017,0,0,0,0,341,272.269958496094,68.7300415039062
"993",9,9,3,2,13,11,2017,0,0,0,0,414,559.244506835938,145.244506835938
"994",10,9,3,2,13,11,2017,0,0,0,0,691,716.053649902344,25.0536499023438
"995",11,9,3,2,13,11,2017,0,0,0,0,811,854.947387695312,43.9473876953125
"996",12,9,3,2,13,11,2017,0,0,0,0,846,1106.95764160156,260.957641601562
"997",13,9,3,2,13,11,2017,0,0,0,0,1174,973.978759765625,200.021240234375
"1001",7,10,3,3,14,11,2017,0,0,0,0,106,73.4043960571289,32.5956039428711
"1003",9,10,3,3,14,11,2017,0,0,0,0,565,557.896789550781,7.10321044921875
"1004",10,10,3,3,14,11,2017,0,0,0,0,604,706.419860839844,102.419860839844
"1007",13,10,3,3,14,11,2017,0,0,0,0,921,938.24267578125,17.24267578125
"1008",14,10,3,3,14,11,2017,0,0,0,0,1313,983.280517578125,329.719482421875
"1012",8,11,3,4,15,11,2017,0,0,0,0,223,252.581085205078,29.5810852050781
"1014",10,11,3,4,15,11,2017,0,0,0,0,741,675.334045410156,65.6659545898438
"1015",11,11,3,4,15,11,2017,0,0,0,0,888,767.767211914062,120.232788085938
"1025",11,12,3,5,16,11,2017,0,0,0,0,639,636.939514160156,2.06048583984375
"1026",12,12,3,5,16,11,2017,0,0,0,0,859,732.688903808594,126.311096191406
"1027",13,12,3,5,16,11,2017,0,0,0,0,721,732.043151855469,11.0431518554688
"1029",15,12,3,5,16,11,2017,0,0,0,0,946,796.185607910156,149.814392089844
"1032",8,13,3,6,17,11,2017,0,0,0,0,212,174.939712524414,37.0602874755859
"1033",9,13,3,6,17,11,2017,0,0,0,0,413,374.471618652344,38.5283813476562
"1041",7,14,4,2,20,11,2017,0,0,0,0,121,94.6675643920898,26.3324356079102
"1043",9,14,4,2,20,11,2017,0,0,0,0,539,496.990783691406,42.0092163085938
"1050",16,14,4,2,20,11,2017,0,0,0,0,984,823.149353027344,160.850646972656
"1052",8,15,4,3,21,11,2017,0,0,0,0,270,236.225799560547,33.7742004394531
"1058",14,15,4,3,21,11,2017,0,0,0,0,1033,941.534912109375,91.465087890625
"1064",10,16,4,4,22,11,2017,1,0,0,0,479,566.733825683594,87.7338256835938
"1067",13,16,4,4,22,11,2017,1,0,0,0,493,638.345825195312,145.345825195312
"1078",14,17,5,2,27,11,2017,0,1,0,0,1141,974.9638671875,166.0361328125
"1081",7,18,5,3,28,11,2017,0,0,0,0,52,74.1963272094727,22.1963272094727
"1090",16,18,5,3,28,11,2017,0,0,0,0,925,871.058288574219,53.9417114257812
"1091",7,19,5,4,29,11,2017,0,0,0,0,123,82.1226501464844,40.8773498535156
"1093",9,19,5,4,29,11,2017,0,0,0,0,525,502.990325927734,22.0096740722656
"1094",10,19,5,4,29,11,2017,0,0,0,0,657,627.587097167969,29.4129028320312
"1095",11,19,5,4,29,11,2017,0,0,0,0,876,761.862670898438,114.137329101562
"1098",14,19,5,4,29,11,2017,0,0,0,0,892,860.030151367188,31.9698486328125
"1102",8,20,5,5,30,11,2017,0,0,0,0,153,215.275039672852,62.2750396728516
"1111",7,1,1,6,1,12,2017,0,0,0,0,67,102.445587158203,35.4455871582031
"1121",7,2,1,2,4,12,2017,0,0,0,0,146,129.213760375977,16.7862396240234
"1126",12,2,1,2,4,12,2017,0,0,0,0,1323,1152.83264160156,170.167358398438
"1131",7,3,1,3,5,12,2017,0,0,0,0,43,88.1081466674805,45.1081466674805
"1136",12,3,1,3,5,12,2017,0,0,0,0,1212,1116.30554199219,95.6944580078125
"1138",14,3,1,3,5,12,2017,0,0,0,0,1104,1074.74304199219,29.2569580078125
"1141",7,4,1,4,6,12,2017,0,0,0,0,60,107.895606994629,47.8956069946289
"1142",8,4,1,4,6,12,2017,0,0,0,0,282,273.139770507812,8.8602294921875
"1147",13,4,1,4,6,12,2017,0,0,0,0,1039,893.956359863281,145.043640136719
"1152",8,5,1,5,7,12,2017,0,0,0,0,284,265.989593505859,18.0104064941406
"1154",10,5,1,5,7,12,2017,0,0,0,0,598,610.9423828125,12.9423828125
"1156",12,5,1,5,7,12,2017,0,0,0,0,720,759.579162597656,39.5791625976562
"1157",13,5,1,5,7,12,2017,0,0,0,0,731,741.837463378906,10.8374633789062
"1158",14,5,1,5,7,12,2017,0,0,0,0,905,789.884643554688,115.115356445312
"1162",8,6,1,6,8,12,2017,0,0,0,0,159,221.339141845703,62.3391418457031
"1163",9,6,1,6,8,12,2017,0,0,0,0,487,422.774230957031,64.2257690429688
"1168",14,6,1,6,8,12,2017,0,0,0,0,593,617.62158203125,24.62158203125
"1170",16,6,1,6,8,12,2017,0,0,0,0,583,555.917907714844,27.0820922851562
"1187",13,8,2,3,12,12,2017,0,0,0,0,878,936.85595703125,58.85595703125
"1190",16,8,2,3,12,12,2017,0,0,0,0,1116,971.396423339844,144.603576660156
"1191",7,9,2,4,13,12,2017,0,0,0,0,61,74.275520324707,13.275520324707
"1192",8,9,2,4,13,12,2017,0,0,0,0,221,272.557739257812,51.5577392578125
"1200",16,9,2,4,13,12,2017,0,0,0,0,663,858.24267578125,195.24267578125
"1206",12,10,2,5,14,12,2017,0,0,0,0,780,669.946899414062,110.053100585938
"1207",13,10,2,5,14,12,2017,0,0,0,0,601,669.301147460938,68.3011474609375
"1209",15,10,2,5,14,12,2017,0,0,0,0,795,705.627075195312,89.3729248046875
"1210",16,10,2,5,14,12,2017,0,0,0,0,735,683.274475097656,51.7255249023438
"1211",7,11,2,6,15,12,2017,0,0,0,0,69,82.0502777099609,13.0502777099609
"1216",12,11,2,6,15,12,2017,0,0,0,0,702,634.077514648438,67.9224853515625
"1227",13,12,3,2,18,12,2017,0,0,0,0,1005,970.74755859375,34.25244140625
"1229",15,12,3,2,18,12,2017,0,0,0,0,1066,1012.029296875,53.970703125
"1231",7,13,3,3,19,12,2017,0,0,0,0,50,70.4169082641602,20.4169082641602
"1232",8,13,3,3,19,12,2017,0,0,0,0,232,240.366729736328,8.36672973632812
"1251",7,15,3,5,21,12,2017,0,0,0,0,62,77.0951385498047,15.0951385498047
"1255",11,15,3,5,21,12,2017,0,0,0,0,530,528.774291992188,1.2257080078125
"1263",9,16,3,6,22,12,2017,1,0,1,0,254,356.261474609375,102.261474609375
"1266",12,16,3,6,22,12,2017,1,0,1,0,572,477.763061523438,94.2369384765625
"1270",16,16,3,6,22,12,2017,1,0,1,0,341,336.573669433594,4.42633056640625
"1273",9,17,4,3,26,12,2017,0,0,0,1,265,546.262329101562,281.262329101562
"1274",10,17,4,3,26,12,2017,0,0,0,1,444,685.161315917969,241.161315917969
"1278",14,17,4,3,26,12,2017,0,0,0,1,404,755.852111816406,351.852111816406
"1279",15,17,4,3,26,12,2017,0,0,0,1,581,772.847473144531,191.847473144531
"1282",8,18,4,4,27,12,2017,0,1,0,0,180,256.428283691406,76.4282836914062
"1284",10,18,4,4,27,12,2017,0,1,0,0,421,599.647644042969,178.647644042969
"1285",11,18,4,4,27,12,2017,0,1,0,0,665,684.880981445312,19.8809814453125
"1286",12,18,4,4,27,12,2017,0,1,0,0,825,792.499633789062,32.5003662109375
"1289",15,18,4,4,27,12,2017,0,1,0,0,682,805.747924804688,123.747924804688
"1294",10,19,4,5,28,12,2017,0,0,0,0,455,514.73876953125,59.73876953125
"1297",13,19,4,5,28,12,2017,0,0,0,0,677,637.484375,39.515625
"1304",10,20,4,6,29,12,2017,1,0,0,0,434,470.999877929688,36.9998779296875
"1317",13,1,1,3,2,1,2018,0,1,0,0,1301,1545.35986328125,244.35986328125
"1324",10,2,1,4,3,1,2018,0,0,0,0,694,881.026611328125,187.026611328125
"1328",14,2,1,4,3,1,2018,0,0,0,0,1438,1149.54418945312,288.455810546875
"1330",16,2,1,4,3,1,2018,0,0,0,0,1083,986.483764648438,96.5162353515625
"1336",12,3,1,5,4,1,2018,0,0,0,0,1098,984.881103515625,113.118896484375
"1337",13,3,1,5,4,1,2018,0,0,0,0,760,986.93798828125,226.93798828125
"1339",15,3,1,5,4,1,2018,0,0,0,0,887,952.324951171875,65.324951171875
"1344",10,4,1,6,5,1,2018,0,0,0,0,510,477.065460205078,32.9345397949219
"1345",11,4,1,6,5,1,2018,0,0,0,0,781,896.371826171875,115.371826171875
"1347",13,4,1,6,5,1,2018,0,0,0,0,771,854.707092285156,83.7070922851562
"1350",16,4,1,6,5,1,2018,0,0,0,0,830,711.882507324219,118.117492675781
"1355",11,5,2,2,8,1,2018,0,0,0,0,759,941.710510253906,182.710510253906
"1356",12,5,2,2,8,1,2018,0,0,0,0,1096,1141.64367675781,45.6436767578125
"1357",13,5,2,2,8,1,2018,0,0,0,0,1315,1106.12341308594,208.876586914062
"1358",14,5,2,2,8,1,2018,0,0,0,0,1224,1085.80737304688,138.192626953125
"1360",16,5,2,2,8,1,2018,0,0,0,0,974,1053.63708496094,79.6370849609375
"1362",8,6,2,3,9,1,2018,0,0,0,0,285,248.314971923828,36.6850280761719
"1364",10,6,2,3,9,1,2018,0,0,0,0,628,716.641052246094,88.6410522460938
"1366",12,6,2,3,9,1,2018,0,0,0,0,1237,1084.21826171875,152.78173828125
"1373",9,7,2,4,10,1,2018,0,0,0,0,525,477.961730957031,47.0382690429688
"1376",12,7,2,4,10,1,2018,0,0,0,0,903,978.190979003906,75.1909790039062
"1380",16,7,2,4,10,1,2018,0,0,0,0,933,961.363586425781,28.3635864257812
"1390",16,8,2,5,11,1,2018,0,0,0,0,971,823.374694824219,147.625305175781
"1392",8,9,2,6,12,1,2018,0,0,0,0,145,188.000625610352,43.0006256103516
"1401",7,10,3,2,15,1,2018,0,0,0,0,160,97.5250778198242,62.4749221801758
"1403",9,10,3,2,15,1,2018,0,0,0,0,613,496.787841796875,116.212158203125
"1407",13,10,3,2,15,1,2018,0,0,0,0,760,967.789794921875,207.789794921875
"1408",14,10,3,2,15,1,2018,0,0,0,0,1076,976.9267578125,99.0732421875
"1409",15,10,3,2,15,1,2018,0,0,0,0,995,1002.95458984375,7.95458984375
"1413",9,11,3,3,16,1,2018,0,0,0,0,520,556.658752441406,36.6587524414062
"1414",10,11,3,3,16,1,2018,0,0,0,0,697,692.746765136719,4.25323486328125
"1418",14,11,3,3,16,1,2018,0,0,0,0,1353,952.6005859375,400.3994140625
"1423",9,12,3,4,17,1,2018,0,0,0,0,333,473.488983154297,140.488983154297
"1425",11,12,3,4,17,1,2018,0,0,0,0,695,743.415405273438,48.4154052734375
"1427",13,12,3,4,17,1,2018,0,0,0,0,942,856.392456054688,85.6075439453125
"1428",14,12,3,4,17,1,2018,0,0,0,0,789,853.380981445312,64.3809814453125
"1432",8,13,3,5,18,1,2018,0,0,0,0,187,208.510818481445,21.5108184814453
"1434",10,13,3,5,18,1,2018,0,0,0,0,588,489.129028320312,98.8709716796875
"1441",7,14,3,6,19,1,2018,0,0,0,0,147,76.0007934570312,70.9992065429688
"1442",8,14,3,6,19,1,2018,0,0,0,0,210,180.337356567383,29.6626434326172
"1446",12,14,3,6,19,1,2018,0,0,0,0,842,645.424438476562,196.575561523438
"1449",15,14,3,6,19,1,2018,0,0,0,0,695,626.699157714844,68.3008422851562
"1451",7,15,4,2,22,1,2018,0,0,0,0,93,100.237174987793,7.23717498779297
"1459",15,15,4,2,22,1,2018,0,0,0,0,993,978.80908203125,14.19091796875
"1467",13,16,4,3,23,1,2018,0,0,0,0,739,941.41162109375,202.41162109375
"1470",16,16,4,3,23,1,2018,0,0,0,0,965,950.251403808594,14.7485961914062
"1477",13,17,4,4,24,1,2018,0,0,0,0,757,857.885375976562,100.885375976562
"1479",15,17,4,4,24,1,2018,0,0,0,0,1020,867.779174804688,152.220825195312
"1480",16,17,4,4,24,1,2018,0,0,0,0,975,912.0439453125,62.9560546875
"1487",13,18,4,5,25,1,2018,0,0,0,0,660,715.769958496094,55.7699584960938
"1490",16,18,4,5,25,1,2018,0,0,0,0,663,772.873413085938,109.873413085938
"1491",7,19,4,6,26,1,2018,0,0,0,0,105,71.7263488769531,33.2736511230469
"1496",12,19,4,6,26,1,2018,0,0,0,0,651,619.494995117188,31.5050048828125
"1500",16,19,4,6,26,1,2018,0,0,0,0,525,493.484283447266,31.5157165527344
"1502",8,20,5,2,29,1,2018,0,0,0,0,278,251.03857421875,26.96142578125
"1505",11,20,5,2,29,1,2018,0,0,0,0,834,843.237182617188,9.2371826171875
"1507",13,20,5,2,29,1,2018,0,0,0,0,855,968.8798828125,113.8798828125
"1512",8,21,5,3,30,1,2018,0,0,0,0,202,232.981323242188,30.9813232421875
"1513",9,21,5,3,30,1,2018,0,0,0,0,443,509.312866210938,66.3128662109375
"1514",10,21,5,3,30,1,2018,0,0,0,0,814,667.060729980469,146.939270019531
"1517",13,21,5,3,30,1,2018,0,0,0,0,851,949.216796875,98.216796875
"1523",9,22,5,4,31,1,2018,0,0,0,0,485,452.928680419922,32.0713195800781
"1524",10,22,5,4,31,1,2018,0,0,0,0,633,591.181030273438,41.8189697265625
"1525",11,22,5,4,31,1,2018,0,0,0,0,808,734.614135742188,73.3858642578125
"1526",12,22,5,4,31,1,2018,0,0,0,0,733,821.875854492188,88.8758544921875
"1540",16,1,1,5,1,2,2018,0,0,0,0,928,728.833312988281,199.166687011719
"1541",7,2,1,6,2,2,2018,0,0,0,0,85,119.105834960938,34.1058349609375
"1544",10,2,1,6,2,2,2018,0,0,0,0,632,518.912109375,113.087890625
"1556",12,3,1,2,5,2,2018,0,0,0,0,978,1132.60668945312,154.606689453125
"1559",15,3,1,2,5,2,2018,0,0,0,0,1068,1170.3017578125,102.3017578125
"1563",9,4,1,3,6,2,2018,0,0,0,0,540,519.466552734375,20.533447265625
"1565",11,4,1,3,6,2,2018,0,0,0,0,712,864.969787597656,152.969787597656
"1568",14,4,1,3,6,2,2018,0,0,0,0,1217,1052.03271484375,164.96728515625
"1573",9,5,1,4,7,2,2018,0,0,0,0,406,463.509826660156,57.5098266601562
"1574",10,5,1,4,7,2,2018,0,0,0,0,523,687.107971191406,164.107971191406
"1577",13,5,1,4,7,2,2018,0,0,0,0,1022,951.723693847656,70.2763061523438
"1578",14,5,1,4,7,2,2018,0,0,0,0,1071,948.441223144531,122.558776855469
"1579",15,5,1,4,7,2,2018,0,0,0,0,707,932.257141113281,225.257141113281
"1582",8,6,1,5,8,2,2018,0,0,0,0,284,220.356063842773,63.6439361572266
"1587",13,6,1,5,8,2,2018,0,0,0,0,929,733.014221191406,195.985778808594
"1588",14,6,1,5,8,2,2018,0,0,0,0,851,773.894653320312,77.1053466796875
"1591",7,7,1,6,9,2,2018,0,0,0,0,69,70.9461669921875,1.9461669921875
"1597",13,7,1,6,9,2,2018,0,0,0,0,678,652.221313476562,25.7786865234375
"1603",9,8,2,2,12,2,2018,0,0,0,0,479,527.879638671875,48.879638671875
"1606",12,8,2,2,12,2,2018,0,0,0,0,1176,1015.01391601562,160.986083984375
"1607",13,8,2,2,12,2,2018,0,0,0,0,1057,962.152587890625,94.847412109375
"1620",16,9,2,3,13,2,2018,0,0,0,0,905,919.549499511719,14.5494995117188
"1621",7,10,2,4,14,2,2018,0,0,0,0,80,77.5497894287109,2.45021057128906
"1625",11,10,2,4,14,2,2018,0,0,0,0,801,759.329711914062,41.6702880859375
"1627",13,10,2,4,14,2,2018,0,0,0,0,856,842.442260742188,13.5577392578125
"1632",8,11,2,5,15,2,2018,0,0,0,0,258,178.736465454102,79.2635345458984
"1638",14,11,2,5,15,2,2018,0,0,0,0,848,743.02001953125,104.97998046875
"1649",15,12,2,6,16,2,2018,0,0,0,0,515,636.625915527344,121.625915527344
"1658",14,13,3,2,19,2,2018,0,0,0,0,846,968.8359375,122.8359375
"1666",12,14,3,3,20,2,2018,0,0,0,0,1161,1001.30786132812,159.692138671875
"1672",8,15,3,4,21,2,2018,0,0,0,0,299,224.448913574219,74.5510864257812
"1673",9,15,3,4,21,2,2018,0,0,0,0,400,473.435882568359,73.4358825683594
"1677",13,15,3,4,21,2,2018,0,0,0,0,648,840.386596679688,192.386596679688
"1681",7,16,3,5,22,2,2018,0,0,0,0,61,71.6726379394531,10.6726379394531
"1683",9,16,3,5,22,2,2018,0,0,0,0,394,398.946411132812,4.9464111328125
"1684",10,16,3,5,22,2,2018,0,0,0,0,643,524.412841796875,118.587158203125
"1685",11,16,3,5,22,2,2018,0,0,0,0,741,616.312133789062,124.687866210938
"1689",15,16,3,5,22,2,2018,0,0,0,0,733,734.400512695312,1.4005126953125
"1693",9,17,4,6,23,2,2018,0,0,0,0,341,331.935363769531,9.06463623046875
"1697",13,17,4,6,23,2,2018,0,0,0,0,623,623.445007324219,0.44500732421875
"1699",15,17,4,6,23,2,2018,0,0,0,0,537,563.188842773438,26.1888427734375
"1701",7,18,4,2,26,2,2018,0,0,0,0,125,102.897087097168,22.102912902832
"1703",9,18,4,2,26,2,2018,0,0,0,0,488,553.081176757812,65.0811767578125
"1706",12,18,4,2,26,2,2018,0,0,0,0,1023,1010.18603515625,12.81396484375
"1711",7,19,4,3,27,2,2018,0,0,0,0,61,74.4658355712891,13.4658355712891
"1712",8,19,4,3,27,2,2018,0,0,0,0,315,224.653076171875,90.346923828125
"1718",14,19,4,3,27,2,2018,0,0,0,0,835,949.080078125,114.080078125
"1719",15,19,4,3,27,2,2018,0,0,0,0,884,968.5771484375,84.5771484375
"1720",16,19,4,3,27,2,2018,0,0,0,0,934,841.807800292969,92.1921997070312
"1725",11,20,4,4,28,2,2018,0,0,0,0,840,743.315307617188,96.6846923828125
"1726",12,20,4,4,28,2,2018,0,0,0,0,894,839.329467773438,54.6705322265625
"1727",13,20,4,4,28,2,2018,0,0,0,0,963,837.289672851562,125.710327148438
"1728",14,20,4,4,28,2,2018,0,0,0,0,959,832.327514648438,126.672485351562
"1739",15,1,1,5,1,3,2018,0,0,0,0,1104,991.305847167969,112.694152832031
"1740",16,1,1,5,1,3,2018,0,0,0,0,839,755.262756347656,83.7372436523438
"1742",8,2,1,6,2,3,2018,0,0,0,0,138,175.108535766602,37.1085357666016
"1743",9,2,1,6,2,3,2018,0,0,0,0,362,506.281829833984,144.281829833984
"1746",12,2,1,6,2,3,2018,0,0,0,0,942,923.615417480469,18.3845825195312
"1747",13,2,1,6,2,3,2018,0,0,0,0,769,857.333679199219,88.3336791992188
"1748",14,2,1,6,2,3,2018,0,0,0,0,1364,820.367126464844,543.632873535156
"1750",16,2,1,6,2,3,2018,0,0,0,0,911,770.354309082031,140.645690917969
"1751",7,3,1,2,5,3,2018,0,0,0,0,81,130.142150878906,49.1421508789062
"1753",9,3,1,2,5,3,2018,0,0,0,0,493,558.714965820312,65.7149658203125
"1759",15,3,1,2,5,3,2018,0,0,0,0,1061,1170.3017578125,109.3017578125
"1765",11,4,1,3,6,3,2018,0,0,0,0,934,853.917541503906,80.0824584960938
"1767",13,4,1,3,6,3,2018,0,0,0,0,969,1039.17407226562,70.174072265625
"1775",11,5,1,4,7,3,2018,0,0,0,0,790,783.851623535156,6.14837646484375
"1781",7,6,1,5,8,3,2018,0,0,0,0,23,76.4689559936523,53.4689559936523
"1782",8,6,1,5,8,3,2018,0,0,0,0,196,219.344100952148,23.3441009521484
"1784",10,6,1,5,8,3,2018,0,0,0,0,431,517.552490234375,86.552490234375
"1787",13,6,1,5,8,3,2018,0,0,0,0,936,733.014221191406,202.985778808594
"1796",12,7,1,6,9,3,2018,0,0,0,0,647,658.991394042969,11.9913940429688
"1798",14,7,1,6,9,3,2018,0,0,0,0,775,600.282897949219,174.717102050781
"1802",8,8,2,2,12,3,2018,0,0,0,0,404,277.854522705078,126.145477294922
"1803",9,8,2,2,12,3,2018,0,0,0,0,551,502.959716796875,48.040283203125
"1810",16,8,2,2,12,3,2018,0,0,0,0,843,908.460632324219,65.4606323242188
"1815",11,9,2,3,13,3,2018,0,0,0,0,1051,795.187866210938,255.812133789062
"1819",15,9,2,3,13,3,2018,0,0,0,0,1089,1011.84008789062,77.159912109375
"1821",7,10,2,4,14,3,2018,0,0,0,0,67,75.9749298095703,8.97492980957031
"1822",8,10,2,4,14,3,2018,0,0,0,0,142,218.581298828125,76.581298828125
"1823",9,10,2,4,14,3,2018,0,0,0,0,361,422.569274902344,61.5692749023438
"1827",13,10,2,4,14,3,2018,0,0,0,0,916,833.567749023438,82.4322509765625
"1839",15,11,2,5,15,3,2018,0,0,0,0,855,763.463134765625,91.536865234375
"1845",11,12,2,6,16,3,2018,0,0,0,0,655,599.379943847656,55.6200561523438
"1851",7,13,3,2,19,3,2018,0,0,0,0,116,102.621360778809,13.3786392211914
"1852",8,13,3,2,19,3,2018,0,0,0,0,227,251.110290527344,24.1102905273438
"1853",9,13,3,2,19,3,2018,0,0,0,0,653,541.070739746094,111.929260253906
"1860",16,13,3,2,19,3,2018,0,0,0,0,713,841.099792480469,128.099792480469
"1861",7,14,3,3,20,3,2018,0,0,0,0,78,69.8983154296875,8.1016845703125
"1863",9,14,3,3,20,3,2018,0,0,0,0,467,540.366943359375,73.366943359375
"1866",12,14,3,3,20,3,2018,0,0,0,0,1034,997.4541015625,36.5458984375
"1870",16,14,3,3,20,3,2018,0,0,0,0,846,839.255310058594,6.74468994140625
"1874",10,15,3,4,21,3,2018,0,0,0,0,512,623.403259277344,111.403259277344
"1885",11,16,3,5,22,3,2018,0,0,0,0,695,606.364624023438,88.6353759765625
"1890",16,16,3,5,22,3,2018,0,0,0,0,662,701.485473632812,39.4854736328125
"1892",8,17,3,6,23,3,2018,0,0,0,0,192,175.941909790039,16.0580902099609
"1894",10,17,3,6,23,3,2018,0,0,0,0,459,480.82470703125,21.82470703125
"1895",11,17,3,6,23,3,2018,0,0,0,0,517,575.090759277344,58.0907592773438
"1896",12,17,3,6,23,3,2018,0,0,0,0,602,640.481323242188,38.4813232421875
"1897",13,17,3,6,23,3,2018,0,0,0,0,704,635.542175292969,68.4578247070312
"1915",11,19,4,3,27,3,2018,0,0,0,0,781,812.150756835938,31.1507568359375
"1919",15,19,4,3,27,3,2018,0,0,0,0,1004,960.494873046875,43.505126953125
"1931",7,21,4,5,29,3,2018,0,0,0,0,65,80.5621032714844,15.5621032714844
"1933",9,21,4,5,29,3,2018,0,0,0,0,286,345.334350585938,59.3343505859375
"1937",13,21,4,5,29,3,2018,0,0,0,0,887,697.214050292969,189.785949707031
"1940",16,21,4,5,29,3,2018,0,0,0,0,718,656.575805664062,61.4241943359375
"1946",12,22,4,6,30,3,2018,0,0,0,0,498,587.799377441406,89.7993774414062
"1947",13,22,4,6,30,3,2018,0,0,0,0,729,615.868225097656,113.131774902344
"1949",15,22,4,6,30,3,2018,0,0,0,0,336,530.627197265625,194.627197265625
"1958",14,1,1,2,2,4,2018,0,0,0,0,1462,1182.88269042969,279.117309570312
"1961",7,2,1,3,3,4,2018,0,0,0,0,49,106.262184143066,57.2621841430664
"1963",9,2,1,3,3,4,2018,0,0,0,0,480,629.165405273438,149.165405273438
"1969",15,2,1,3,3,4,2018,0,0,0,0,1225,1147.21496582031,77.7850341796875
"1988",14,4,1,5,5,4,2018,0,0,0,0,757,755.925903320312,1.0740966796875
"1991",7,5,1,6,6,4,2018,0,0,0,0,50,81.6467590332031,31.6467590332031
"1992",8,5,1,6,6,4,2018,0,0,0,0,147,181.938674926758,34.9386749267578
"1994",10,5,1,6,6,4,2018,0,0,0,0,444,497.761352539062,53.7613525390625
"1995",11,5,1,6,6,4,2018,0,0,0,0,545,568.555358886719,23.5553588867188
"1999",15,5,1,6,6,4,2018,0,0,0,0,583,564.930480957031,18.0695190429688
"2004",10,6,2,2,9,4,2018,0,0,0,0,741,746.545837402344,5.54583740234375
"2005",11,6,2,2,9,4,2018,0,0,0,0,1131,869.337158203125,261.662841796875
"2008",14,6,2,2,9,4,2018,0,0,0,0,1132,1027.07946777344,104.920532226562
"2010",16,6,2,2,9,4,2018,0,0,0,0,797,973.948303222656,176.948303222656
"2012",8,7,2,3,10,4,2018,0,0,0,0,281,245.710952758789,35.2890472412109
"2017",13,7,2,3,10,4,2018,0,0,0,0,1029,991.277404785156,37.7225952148438
"2021",7,8,2,4,11,4,2018,0,0,0,0,112,86.6597442626953,25.3402557373047
"2025",11,8,2,4,11,4,2018,0,0,0,0,753,741.143127441406,11.8568725585938
"2030",16,8,2,4,11,4,2018,0,0,0,0,851,816.078369140625,34.921630859375
"2032",8,9,2,5,12,4,2018,0,0,0,0,163,219.412002563477,56.4120025634766
"2038",14,9,2,5,12,4,2018,0,0,0,0,704,726.7529296875,22.7529296875
"2057",13,11,3,2,16,4,2018,0,0,0,0,1175,952.1611328125,222.8388671875
"2065",11,12,3,3,17,4,2018,0,0,0,0,960,806.869995117188,153.130004882812
"2068",14,12,3,3,17,4,2018,0,0,0,0,950,932.194091796875,17.805908203125
"2069",15,12,3,3,17,4,2018,0,0,0,0,923,969.030029296875,46.030029296875
"2070",16,12,3,3,17,4,2018,0,0,0,0,836,865.338073730469,29.3380737304688
"2082",8,14,3,5,19,4,2018,0,0,0,0,166,203.511428833008,37.5114288330078
"2084",10,14,3,5,19,4,2018,0,0,0,0,489,482.261352539062,6.7386474609375
"2088",14,14,3,5,19,4,2018,0,0,0,0,732,722.646362304688,9.3536376953125
"2089",15,14,3,5,19,4,2018,0,0,0,0,755,743.089477539062,11.9105224609375
"2090",16,14,3,5,19,4,2018,0,0,0,0,717,695.665161132812,21.3348388671875
"2094",10,15,3,6,20,4,2018,0,0,0,0,290,478.751342773438,188.751342773438
"2095",11,15,3,6,20,4,2018,0,0,0,0,633,540.874633789062,92.1253662109375
"2104",10,16,4,2,23,4,2018,0,0,0,0,675,676.856872558594,1.85687255859375
"2117",13,17,4,3,24,4,2018,0,0,0,0,1081,918.435546875,162.564453125
"2118",14,17,4,3,24,4,2018,0,0,0,0,1082,934.911376953125,147.088623046875
"2125",11,18,4,4,25,4,2018,0,0,0,0,763,720.711547851562,42.2884521484375
"2128",14,18,4,4,25,4,2018,0,0,0,0,800,829.782348632812,29.7823486328125
"2131",7,19,4,5,26,4,2018,0,0,0,0,97,69.1851501464844,27.8148498535156
"2134",10,19,4,5,26,4,2018,0,0,0,0,663,477.651977539062,185.348022460938
"2137",13,19,4,5,26,4,2018,0,0,0,0,696,692.635192871094,3.36480712890625
"2139",15,19,4,5,26,4,2018,0,0,0,0,646,704.728881835938,58.7288818359375
"2149",15,20,4,6,27,4,2018,0,0,0,0,658,522.695068359375,135.304931640625
"2162",8,1,1,3,1,5,2018,0,0,0,0,362,368.870697021484,6.87069702148438
"2163",9,1,1,3,1,5,2018,0,0,0,0,607,742.152465820312,135.152465820312
"2164",10,1,1,3,1,5,2018,0,0,0,0,844,1085.02856445312,241.028564453125
"2167",13,1,1,3,1,5,2018,0,0,0,0,1316,1318.17407226562,2.174072265625
"2168",14,1,1,3,1,5,2018,0,0,0,0,1186,1366.54565429688,180.545654296875
"2172",8,2,1,4,2,5,2018,0,0,0,0,379,246.997833251953,132.002166748047
"2178",14,2,1,4,2,5,2018,0,0,0,0,875,998.351440429688,123.351440429688
"2183",9,3,1,5,3,5,2018,0,0,0,0,317,396.167755126953,79.1677551269531
"2188",14,3,1,5,3,5,2018,0,0,0,0,862,776.904418945312,85.0955810546875
"2191",7,4,1,6,4,5,2018,0,0,0,0,61,76.1996765136719,15.1996765136719
"2203",9,5,2,2,7,5,2018,0,0,0,0,512,540.743774414062,28.7437744140625
"2211",7,6,2,3,8,5,2018,0,0,0,0,76,74.7156982421875,1.2843017578125
"2213",9,6,2,3,8,5,2018,0,0,0,0,558,531.35302734375,26.64697265625
"2217",13,6,2,3,8,5,2018,0,0,0,0,1088,980.187316894531,107.812683105469
"2223",9,7,2,4,9,5,2018,0,0,0,0,581,447.369598388672,133.630401611328
"2224",10,7,2,4,9,5,2018,0,0,0,0,640,641.2509765625,1.2509765625
"2227",13,7,2,4,9,5,2018,0,0,0,0,771,910.605529785156,139.605529785156
"2228",14,7,2,4,9,5,2018,0,0,0,0,1037,909.617980957031,127.382019042969
"2230",16,7,2,4,9,5,2018,0,0,0,0,736,861.499084472656,125.499084472656
"2232",8,8,2,5,10,5,2018,0,0,0,0,181,219.412002563477,38.4120025634766
"2233",9,8,2,5,10,5,2018,0,0,0,0,487,359.041931152344,127.958068847656
"2235",11,8,2,5,10,5,2018,0,0,0,0,734,629.8369140625,104.1630859375
"2238",14,8,2,5,10,5,2018,0,0,0,0,911,781.088256835938,129.911743164062
"2242",8,9,2,6,11,5,2018,0,0,0,0,191,191.333145141602,0.333145141601562
"2243",9,9,2,6,11,5,2018,0,0,0,0,249,348.109313964844,99.1093139648438
"2245",11,9,2,6,11,5,2018,0,0,0,0,504,556.183776855469,52.1837768554688
"2249",15,9,2,6,11,5,2018,0,0,0,0,533,607.688293457031,74.6882934570312
"2251",7,10,3,2,14,5,2018,0,0,0,0,229,90.1099166870117,138.890083312988
"2254",10,10,3,2,14,5,2018,0,0,0,0,598,672.710144042969,74.7101440429688
"2257",13,10,3,2,14,5,2018,0,0,0,0,1019,946.678955078125,72.321044921875
"2258",14,10,3,2,14,5,2018,0,0,0,0,955,949.16064453125,5.83935546875
"2275",11,12,3,4,16,5,2018,0,0,0,0,713,722.632934570312,9.6329345703125
"2283",9,13,3,5,17,5,2018,0,0,0,0,414,360.847351074219,53.1526489257812
"2285",11,13,3,5,17,5,2018,0,0,0,0,737,600.156127929688,136.843872070312
"2286",12,13,3,5,17,5,2018,0,0,0,0,628,706.243591308594,78.2435913085938
"2287",13,13,3,5,17,5,2018,0,0,0,0,664,708.843688964844,44.8436889648438
"2289",15,13,3,5,17,5,2018,0,0,0,0,706,759.255249023438,53.2552490234375
"2290",16,13,3,5,17,5,2018,0,0,0,0,803,710.945922851562,92.0540771484375
"2298",14,14,3,6,18,5,2018,0,0,0,0,773,627.328796386719,145.671203613281
"2304",10,15,4,2,21,5,2018,0,0,0,0,768,677.666198730469,90.3338012695312
"2308",14,15,4,2,21,5,2018,0,0,0,0,848,946.595947265625,98.595947265625
"2322",8,17,4,4,23,5,2018,0,0,0,0,301,228.273681640625,72.726318359375
"2325",11,17,4,4,23,5,2018,0,0,0,0,684,728.536254882812,44.5362548828125
"2327",13,17,4,4,23,5,2018,0,0,0,0,779,831.314331054688,52.3143310546875
"2336",12,18,4,5,24,5,2018,0,0,0,0,689,700.849304199219,11.8493041992188
"2340",16,18,4,5,24,5,2018,0,0,0,0,644,706.860229492188,62.8602294921875
"2341",7,19,4,6,25,5,2018,1,0,0,0,35,64.22607421875,29.22607421875
"2342",8,19,4,6,25,5,2018,1,0,0,0,187,169.835037231445,17.1649627685547
"2349",15,19,4,6,25,5,2018,1,0,0,0,509,533.71044921875,24.71044921875
"2353",9,20,5,3,29,5,2018,0,1,0,0,465,528.654296875,63.654296875
"2356",12,20,5,3,29,5,2018,0,1,0,0,1126,1089.25390625,36.74609375
"2360",16,20,5,3,29,5,2018,0,1,0,0,977,806.760192871094,170.239807128906
"2362",8,21,5,4,30,5,2018,0,0,0,0,217,232.5693359375,15.5693359375
"2365",11,21,5,4,30,5,2018,0,0,0,0,965,739.697143554688,225.302856445312
"2368",14,21,5,4,30,5,2018,0,0,0,0,972,830.148559570312,141.851440429688
"2384",10,1,1,6,1,6,2018,0,0,0,0,926,923.729370117188,2.2706298828125
"2387",13,1,1,6,1,6,2018,0,0,0,0,1252,1055.64331054688,196.356689453125
"2388",14,1,1,6,1,6,2018,0,0,0,0,868,837.658386230469,30.3416137695312
"2393",9,2,1,2,4,6,2018,0,0,0,0,515,733.009399414062,218.009399414062
"2396",12,2,1,2,4,6,2018,0,0,0,0,1374,1104.57336425781,269.426635742188
"2398",14,2,1,2,4,6,2018,0,0,0,0,1159,1059.88488769531,99.1151123046875
"2401",7,3,1,3,5,6,2018,0,0,0,0,76,83.3507232666016,7.35072326660156
"2407",13,3,1,3,5,6,2018,0,0,0,0,946,1064.94226074219,118.942260742188
"2412",8,4,1,4,6,6,2018,0,0,0,0,361,315.563110351562,45.4368896484375
"2413",9,4,1,4,6,6,2018,0,0,0,0,395,456.726898193359,61.7268981933594
"2414",10,4,1,4,6,6,2018,0,0,0,0,608,643.848693847656,35.8486938476562
"2415",11,4,1,4,6,6,2018,0,0,0,0,897,775.177307128906,121.822692871094
"2423",9,5,1,5,7,6,2018,0,0,0,0,442,421.592590332031,20.4074096679688
"2431",7,6,1,6,8,6,2018,0,0,0,0,72,78.0672912597656,6.06729125976562
"2436",12,6,1,6,8,6,2018,0,0,0,0,751,633.249328613281,117.750671386719
"2439",15,6,1,6,8,6,2018,0,0,0,0,792,596.516967773438,195.483032226562
"2451",7,8,2,3,12,6,2018,0,0,0,0,103,78.140380859375,24.859619140625
"2453",9,8,2,3,12,6,2018,0,0,0,0,495,503.27587890625,8.27587890625
"2457",13,8,2,3,12,6,2018,0,0,0,0,1145,940.54736328125,204.45263671875
"2466",12,9,2,4,13,6,2018,0,0,0,0,811,855.751586914062,44.7515869140625
"2467",13,9,2,4,13,6,2018,0,0,0,0,842,848.474975585938,6.4749755859375
"2471",7,10,2,5,14,6,2018,0,0,0,0,55,70.091064453125,15.091064453125
"2472",8,10,2,5,14,6,2018,0,0,0,0,231,202.612396240234,28.3876037597656
"2481",7,11,2,6,15,6,2018,0,0,0,0,131,71.5800094604492,59.4199905395508
"2483",9,11,2,6,15,6,2018,0,0,0,0,355,407.007019042969,52.0070190429688
"2488",14,11,2,6,15,6,2018,0,0,0,0,697,620.783264160156,76.2167358398438
"2491",7,12,3,2,18,6,2018,0,0,0,0,123,90.7158432006836,32.2841567993164
"2494",10,12,3,2,18,6,2018,0,0,0,0,499,682.081481933594,183.081481933594
"2498",14,12,3,2,18,6,2018,0,0,0,0,1049,998.74072265625,50.25927734375
"2507",13,13,3,3,19,6,2018,0,0,0,0,735,939.047119140625,204.047119140625
"2511",7,14,3,4,20,6,2018,0,0,0,0,94,84.5476226806641,9.45237731933594
"2520",16,14,3,4,20,6,2018,0,0,0,0,715,800.19580078125,85.19580078125
"2524",10,15,3,5,21,6,2018,0,0,0,0,431,497.6220703125,66.6220703125
"2543",10,17,4,2,25,6,2018,0,0,0,0,696,667.166931152344,28.8330688476562
"2544",11,17,4,2,25,6,2018,0,0,0,0,980,830.941040039062,149.058959960938
"2545",12,17,4,2,25,6,2018,0,0,0,0,1110,1001.32006835938,108.679931640625
"2551",8,18,4,3,26,6,2018,0,0,0,0,225,250.149749755859,25.1497497558594
"2552",9,18,4,3,26,6,2018,0,0,0,0,521,508.08056640625,12.91943359375
"2555",12,18,4,3,26,6,2018,0,0,0,0,1086,982.58349609375,103.41650390625
"2564",11,19,4,4,27,6,2018,0,0,0,0,820,741.346313476562,78.6536865234375
"2567",14,19,4,4,27,6,2018,0,0,0,0,1041,845.518432617188,195.481567382812
"2571",8,20,4,5,28,6,2018,0,0,0,0,267,221.431045532227,45.5689544677734
"2572",9,20,4,5,28,6,2018,0,0,0,0,344,373.534118652344,29.5341186523438
"2580",7,21,4,6,29,6,2018,0,0,0,0,71,80.17529296875,9.17529296875
"2583",10,21,4,6,29,6,2018,0,0,0,0,614,472.776611328125,141.223388671875
"2585",12,21,4,6,29,6,2018,0,0,0,0,657,592.507629394531,64.4923706054688
"2591",8,1,1,2,2,7,2018,0,0,0,0,280,294.116577148438,14.1165771484375
"2593",10,1,1,2,2,7,2018,0,0,0,0,679,1007.09106445312,328.091064453125
"2594",11,1,1,2,2,7,2018,0,0,0,0,1218,965.697021484375,252.302978515625
"2596",13,1,1,2,2,7,2018,0,0,0,0,1617,1206.71569824219,410.284301757812
"2599",16,1,1,2,2,7,2018,0,0,0,0,1368,1104.06823730469,263.931762695312
"2602",9,2,1,3,3,7,2018,1,0,0,0,474,471.432861328125,2.567138671875
"2606",13,2,1,3,3,7,2018,1,0,0,0,1085,812.509216308594,272.490783691406
"2611",8,3,1,5,5,7,2018,0,1,0,0,216,250.22053527832,34.2205352783203
"2612",9,3,1,5,5,7,2018,0,1,0,0,410,426.176300048828,16.1763000488281
"2613",10,3,1,5,5,7,2018,0,1,0,0,485,565.068603515625,80.068603515625
"2616",13,3,1,5,5,7,2018,0,1,0,0,799,610.892272949219,188.107727050781
"2624",11,4,1,6,6,7,2018,0,0,0,0,681,601.450256347656,79.5497436523438
"2630",7,5,2,2,9,7,2018,0,0,0,0,83,112.444747924805,29.4447479248047
"2632",9,5,2,2,9,7,2018,0,0,0,0,676,578.417724609375,97.582275390625
"2636",13,5,2,2,9,7,2018,0,0,0,0,1029,1037.46557617188,8.465576171875
"2638",15,5,2,2,9,7,2018,0,0,0,0,1077,1149.06494140625,72.06494140625
"2639",16,5,2,2,9,7,2018,0,0,0,0,1001,1053.71398925781,52.7139892578125
"2640",7,6,2,3,10,7,2018,0,0,0,0,95,74.2210083007812,20.7789916992188
"2642",9,6,2,3,10,7,2018,0,0,0,0,526,533.912719726562,7.9127197265625
"2653",10,7,2,4,11,7,2018,0,0,0,0,776,644.48828125,131.51171875
"2654",11,7,2,4,11,7,2018,0,0,0,0,1032,767.961975097656,264.038024902344
"2656",13,7,2,4,11,7,2018,0,0,0,0,814,936.229309082031,122.229309082031
"2658",15,7,2,4,11,7,2018,0,0,0,0,896,986.467346191406,90.4673461914062
"2661",8,8,2,5,12,7,2018,0,0,0,0,253,259.809753417969,6.80975341796875
"2664",11,8,2,5,12,7,2018,0,0,0,0,734,621.102783203125,112.897216796875
"2667",14,8,2,5,12,7,2018,0,0,0,0,641,781.400756835938,140.400756835938
"2669",16,8,2,5,12,7,2018,0,0,0,0,700,771.372680664062,71.3726806640625
"2671",8,9,2,6,13,7,2018,0,0,0,0,322,226.034271240234,95.9657287597656
"2673",10,9,2,6,13,7,2018,0,0,0,0,434,432.68017578125,1.31982421875
"2674",11,9,2,6,13,7,2018,0,0,0,0,552,555.506286621094,3.50628662109375
"2676",13,9,2,6,13,7,2018,0,0,0,0,598,601.479675292969,3.47967529296875
"2680",7,10,3,2,16,7,2018,0,0,0,0,107,91.6628036499023,15.3371963500977
"2682",9,10,3,2,16,7,2018,0,0,0,0,475,489.21337890625,14.21337890625
"2685",12,10,3,2,16,7,2018,0,0,0,0,1125,1025.47900390625,99.52099609375
"2701",8,12,3,4,18,7,2018,0,0,0,0,297,246.400665283203,50.5993347167969
"2702",9,12,3,4,18,7,2018,0,0,0,0,417,455.801605224609,38.8016052246094
"2709",16,12,3,4,18,7,2018,0,0,0,0,743,855.92578125,112.92578125
"2712",9,13,3,5,19,7,2018,0,0,0,0,553,360.280334472656,192.719665527344
"2714",11,13,3,5,19,7,2018,0,0,0,0,593,591.817504882812,1.1824951171875
"2717",14,13,3,5,19,7,2018,0,0,0,0,731,746.489135742188,15.4891357421875
"2720",7,14,3,6,20,7,2018,0,0,0,0,57,57.068603515625,0.068603515625
"2723",10,14,3,6,20,7,2018,0,0,0,0,467,463.040893554688,3.9591064453125
"2724",11,14,3,6,20,7,2018,0,0,0,0,534,541.921997070312,7.9219970703125
"2732",9,15,4,2,23,7,2018,0,0,0,0,522,489.95068359375,32.04931640625
"2741",8,16,4,3,24,7,2018,0,0,0,0,294,241.279510498047,52.7204895019531
"2743",10,16,4,3,24,7,2018,0,0,0,0,558,677.982360839844,119.982360839844
"2754",11,17,4,4,25,7,2018,0,0,0,0,746,733.307983398438,12.6920166015625
"2755",12,17,4,4,25,7,2018,0,0,0,0,718,857.792602539062,139.792602539062
"2757",14,17,4,4,25,7,2018,0,0,0,0,895,873.161254882812,21.8387451171875
"2759",16,17,4,4,25,7,2018,0,0,0,0,900,819.908935546875,80.091064453125
"2760",7,18,4,5,26,7,2018,0,0,0,0,146,57.8877716064453,88.1122283935547
"2761",8,18,4,5,26,7,2018,0,0,0,0,273,212.488479614258,60.5115203857422
"2766",13,18,4,5,26,7,2018,0,0,0,0,707,704.115905761719,2.88409423828125
"2771",8,19,4,6,27,7,2018,0,0,0,0,154,183.45198059082,29.4519805908203
"2773",10,19,4,6,27,7,2018,0,0,0,0,401,478.3857421875,77.3857421875
"2774",11,19,4,6,27,7,2018,0,0,0,0,469,576.633911132812,107.633911132812
"2776",13,19,4,6,27,7,2018,0,0,0,0,452,595.223693847656,143.223693847656
"2780",7,20,5,2,30,7,2018,0,0,0,0,110,88.4833297729492,21.5166702270508
"2784",11,20,5,2,30,7,2018,0,0,0,0,708,860.724975585938,152.724975585938
"2785",12,20,5,2,30,7,2018,0,0,0,0,951,1023.65979003906,72.6597900390625
"2793",10,21,5,3,31,7,2018,0,0,0,0,617,656.926452636719,39.9264526367188
"2799",16,21,5,3,31,7,2018,0,0,0,0,864,916.623474121094,52.6234741210938
"2808",15,1,1,4,1,8,2018,0,0,0,0,1140,1323.50610351562,183.506103515625
"2809",16,1,1,4,1,8,2018,0,0,0,0,1126,1218.56066894531,92.5606689453125
"2812",9,2,1,5,2,8,2018,0,0,0,0,467,505.803314208984,38.8033142089844
"2813",10,2,1,5,2,8,2018,0,0,0,0,646,621.247131347656,24.7528686523438
"2814",11,2,1,5,2,8,2018,0,0,0,0,829,799.602966308594,29.3970336914062
"2815",12,2,1,5,2,8,2018,0,0,0,0,722,859.632263183594,137.632263183594
"2817",14,2,1,5,2,8,2018,0,0,0,0,771,818.907165527344,47.9071655273438
"2819",16,2,1,5,2,8,2018,0,0,0,0,793,783.991394042969,9.00860595703125
"2820",7,3,1,6,3,8,2018,0,0,0,0,32,57.1249847412109,25.1249847412109
"2827",14,3,1,6,3,8,2018,0,0,0,0,643,707.579650878906,64.5796508789062
"2834",11,4,2,2,6,8,2018,0,0,0,0,1128,879.201965332031,248.798034667969
"2839",16,4,2,2,6,8,2018,0,0,0,0,908,1034.87365722656,126.873657226562
"2844",11,5,2,3,7,8,2018,0,0,0,0,962,840.465393066406,121.534606933594
"2871",8,8,2,6,10,8,2018,0,0,0,0,140,209.682037353516,69.6820373535156
"2872",9,8,2,6,10,8,2018,0,0,0,0,416,379.901916503906,36.0980834960938
"2878",15,8,2,6,10,8,2018,0,0,0,0,650,641.994018554688,8.0059814453125
"2889",16,9,3,2,13,8,2018,0,0,0,0,926,985.572448730469,59.5724487304688
"2896",13,10,3,3,14,8,2018,0,0,0,0,989,944.1826171875,44.8173828125
"2900",7,11,3,4,15,8,2018,0,0,0,0,99,72.6942596435547,26.3057403564453
"2902",9,11,3,4,15,8,2018,0,0,0,0,454,473.093475341797,19.0934753417969
"2903",10,11,3,4,15,8,2018,0,0,0,0,609,649.466125488281,40.4661254882812
"2914",11,12,3,5,16,8,2018,0,0,0,0,537,632.645874023438,95.6458740234375
"2916",13,12,3,5,16,8,2018,0,0,0,0,612,735.633239746094,123.633239746094
"2922",9,13,3,6,17,8,2018,0,0,0,0,327,358.576843261719,31.5768432617188
"2927",14,13,3,6,17,8,2018,0,0,0,0,568,665.748107910156,97.7481079101562
"2928",15,13,3,6,17,8,2018,0,0,0,0,711,679.610412597656,31.3895874023438
"2929",16,13,3,6,17,8,2018,0,0,0,0,526,611.552062988281,85.5520629882812
"2930",7,14,4,2,20,8,2018,0,0,0,0,61,87.3348007202148,26.3348007202148
"2937",14,14,4,2,20,8,2018,0,0,0,0,958,1006.375,48.375
"2939",16,14,4,2,20,8,2018,0,0,0,0,1207,891.209655761719,315.790344238281
"2945",12,15,4,3,21,8,2018,0,0,0,0,1016,982.56884765625,33.43115234375
"2946",13,15,4,3,21,8,2018,0,0,0,0,888,934.001953125,46.001953125
"2949",16,15,4,3,21,8,2018,0,0,0,0,1069,885.977722167969,183.022277832031
"2967",14,17,4,5,23,8,2018,0,0,0,0,843,788.353393554688,54.6466064453125
"2969",16,17,4,5,23,8,2018,0,0,0,0,944,789.901245117188,154.098754882812
"2977",14,18,4,6,24,8,2018,0,0,0,0,661,635.71142578125,25.28857421875
"2982",9,19,5,2,27,8,2018,0,0,0,0,546,534.028930664062,11.9710693359375
"2988",15,19,5,2,27,8,2018,0,0,0,0,992,1049.17248535156,57.1724853515625
"2989",16,19,5,2,27,8,2018,0,0,0,0,1223,921.942077636719,301.057922363281
"2991",8,20,5,3,28,8,2018,0,0,0,0,288,245.745758056641,42.2542419433594
"2995",12,20,5,3,28,8,2018,0,0,0,0,1110,1020.359375,89.640625
"2999",16,20,5,3,28,8,2018,0,0,0,0,880,926.701599121094,46.7015991210938
"3007",14,21,5,4,29,8,2018,0,0,0,0,1101,875.657592773438,225.342407226562
"3016",13,22,5,5,30,8,2018,0,0,0,0,708,735.357360839844,27.3573608398438
"3022",9,23,5,6,31,8,2018,1,0,0,0,369,335.038421630859,33.9615783691406
"3034",11,1,1,3,4,9,2018,0,1,0,0,1224,1148.65905761719,75.3409423828125
"3036",13,1,1,3,4,9,2018,0,1,0,0,1302,1509.54931640625,207.54931640625
"3038",15,1,1,3,4,9,2018,0,1,0,0,1741,1560.77490234375,180.22509765625
"3047",14,2,1,4,5,9,2018,0,0,0,0,915,1252.65930175781,337.659301757812
"3050",7,3,1,5,6,9,2018,0,0,0,0,78,63.5963516235352,14.4036483764648
"3056",13,3,1,5,6,9,2018,0,0,0,0,627,839.502075195312,212.502075195312
"3057",14,3,1,5,6,9,2018,0,0,0,0,806,861.483276367188,55.4832763671875
"3069",16,4,1,6,7,9,2018,0,0,0,0,621,658.431274414062,37.4312744140625
"3076",13,5,2,2,10,9,2018,0,0,0,0,926,1126.90942382812,200.909423828125
"3084",11,6,2,3,11,9,2018,0,0,0,0,779,869.63134765625,90.63134765625
"3091",8,7,2,4,12,9,2018,0,0,0,0,245,268.598999023438,23.5989990234375
"3095",12,7,2,4,12,9,2018,0,0,0,0,840,962.078918457031,122.078918457031
"3096",13,7,2,4,12,9,2018,0,0,0,0,906,941.512512207031,35.5125122070312
"3099",16,7,2,4,12,9,2018,0,0,0,0,1002,963.570617675781,38.4293823242188
"3104",11,8,2,5,13,9,2018,0,0,0,0,675,637.335083007812,37.6649169921875
"3106",13,8,2,5,13,9,2018,0,0,0,0,660,743.904113769531,83.9041137695312
"3116",13,9,2,6,14,9,2018,0,0,0,0,532,641.146789550781,109.146789550781
"3118",15,9,2,6,14,9,2018,0,0,0,0,532,664.344299316406,132.344299316406
"3121",8,10,3,2,17,9,2018,0,0,0,0,334,237.580474853516,96.4195251464844
"3123",10,10,3,2,17,9,2018,0,0,0,0,729,697.445251464844,31.5547485351562
"3125",12,10,3,2,17,9,2018,0,0,0,0,1146,1070.10729980469,75.8927001953125
